lambda,prob_exito,recompensa
0.86,0.5,961.6999999999883
0.86,0.7,1443.9000000000083
0.86,0.8,1558.2000000000098
0.86,0.9,1855.2000000000157
0.9,0.5,1050.9999999999914
0.9,0.7,1456.0000000000114
0.9,0.8,1721.4000000000174
0.9,0.9,1909.3000000000175
0.94,0.5,1013.6999999999903
0.94,0.7,1414.900000000007
0.94,0.8,1673.1000000000172
0.94,0.9,1857.8000000000195
0.98,0.5,906.7999999999895
0.98,0.7,1340.7000000000057
0.98,0.8,1694.300000000016
0.98,0.9,1807.5000000000157
