lambda,prob_exito,recompensa
0.86,0.5,1012.6999999999888
0.86,0.7,1518.1000000000142
0.86,0.8,1610.1000000000117
0.86,0.9,1938.200000000019
0.9,0.5,929.399999999989
0.9,0.7,1437.1000000000095
0.9,0.8,1650.6000000000147
0.9,0.9,1845.7000000000185
0.94,0.5,1093.599999999995
0.94,0.7,1446.3000000000095
0.94,0.8,1700.7000000000148
0.94,0.9,1877.7000000000153
0.98,0.5,949.1999999999887
0.98,0.7,1332.000000000006
0.98,0.8,1732.600000000018
0.98,0.9,1854.9000000000167
