lambda,prob_exito,recompensa
0.86,0.5,1001.0999999999888
0.86,0.7,1369.2000000000085
0.86,0.8,1527.2000000000094
0.86,0.9,1958.400000000019
0.9,0.5,979.6999999999896
0.9,0.7,1410.7000000000103
0.9,0.8,1590.1000000000126
0.9,0.9,1848.0000000000146
0.94,0.5,946.399999999989
0.94,0.7,1475.7000000000094
0.94,0.8,1712.300000000017
0.94,0.9,1782.2000000000157
0.98,0.5,892.9999999999887
0.98,0.7,1425.300000000006
0.98,0.8,1656.900000000016
0.98,0.9,1928.700000000017
