discount_factor,success_probability,total_reward
0.86,0.50,9.501800
0.86,0.70,9.536100
0.86,0.80,9.598200
0.86,0.90,9.590800
0.90,0.50,9.483600
0.90,0.70,9.533300
0.90,0.80,9.591200
0.90,0.90,9.597200
0.94,0.50,9.497600
0.94,0.70,9.553900
0.94,0.80,9.602100
0.94,0.90,9.586400
0.98,0.50,9.507900
0.98,0.70,9.596900
0.98,0.80,9.596700
0.98,0.90,9.590700
