discount_factor,success_probability,total_reward
0.86,0.50,9.517600
0.86,0.70,9.520200
0.86,0.80,9.595700
0.86,0.90,9.591100
0.90,0.50,9.499500
0.90,0.70,9.532600
0.90,0.80,9.608000
0.90,0.90,9.593600
0.94,0.50,9.487500
0.94,0.70,9.537900
0.94,0.80,9.603900
0.94,0.90,9.607600
0.98,0.50,9.497400
0.98,0.70,9.601200
0.98,0.80,9.605600
0.98,0.90,9.599700
