discount_factor,success_probability,total_reward
0.86,0.50,9.484700
0.86,0.70,9.549000
0.86,0.80,9.601900
0.86,0.90,9.592000
0.90,0.50,9.491500
0.90,0.70,9.540300
0.90,0.80,9.601900
0.90,0.90,9.583700
0.94,0.50,9.487800
0.94,0.70,9.534500
0.94,0.80,9.602600
0.94,0.90,9.594600
0.98,0.50,9.506600
0.98,0.70,9.596500
0.98,0.80,9.581800
0.98,0.90,9.597900
