discount_factor,success_probability,total_reward
0.86,0.50,9.497400
0.86,0.70,9.536900
0.86,0.80,9.600200
0.86,0.90,9.606200
0.90,0.50,9.504100
0.90,0.70,9.525900
0.90,0.80,9.601100
0.90,0.90,9.593900
0.94,0.50,9.495900
0.94,0.70,9.535400
0.94,0.80,9.604500
0.94,0.90,9.601400
0.98,0.50,9.492600
0.98,0.70,9.607000
0.98,0.80,9.592400
0.98,0.90,9.602600
