discount_factor,success_probability,total_reward
0.86,0.50,9.507800
0.86,0.70,9.547000
0.86,0.80,9.600000
0.86,0.90,9.601300
0.90,0.50,9.501700
0.90,0.70,9.532200
0.90,0.80,9.593300
0.90,0.90,9.572900
0.94,0.50,9.503400
0.94,0.70,9.543800
0.94,0.80,9.590600
0.94,0.90,9.587800
0.98,0.50,9.501700
0.98,0.70,9.584600
0.98,0.80,9.595900
0.98,0.90,9.599500
