discount_factor,success_probability,total_reward
0.86,0.50,9.516400
0.86,0.70,9.539300
0.86,0.80,9.596100
0.86,0.90,9.590000
0.90,0.50,9.496200
0.90,0.70,9.542200
0.90,0.80,9.594200
0.90,0.90,9.596300
0.94,0.50,9.509000
0.94,0.70,9.547800
0.94,0.80,9.606400
0.94,0.90,9.599400
0.98,0.50,9.516700
0.98,0.70,9.601900
0.98,0.80,9.588400
0.98,0.90,9.598000
