discount_factor,success_probability,total_reward
0.86,0.50,9.501900
0.86,0.70,9.543000
0.86,0.80,9.591800
0.86,0.90,9.598300
0.90,0.50,9.475100
0.90,0.70,9.533100
0.90,0.80,9.603900
0.90,0.90,9.585000
0.94,0.50,9.506700
0.94,0.70,9.549800
0.94,0.80,9.599200
0.94,0.90,9.591600
0.98,0.50,9.524700
0.98,0.70,9.588100
0.98,0.80,9.593900
0.98,0.90,9.591600
